[{"id":"user-image-transparent-eiocr.png","publicUrl":"np://user.desktop.nicepage.com/Site_81718047/images/transparent-eiocr.png","size":46783,"hash":"xHMmgPRpb/ej/97gWTS/PYdMtqA=","fileName":"transparent-eiocr.png","name":"transparent-eiocr","width":1290,"height":268,"thumbnail":{"url":"np://user.desktop.nicepage.com/Site_81718047/images/thumbnails/transparent-eiocr.png","width":250,"height":52},"folderId":null,"usages":["2130521124","809116035"]},{"id":"user-image-c841b244291e8037fdc61a5641427f011bcea8d156beb26e3f65c2cd894d88af988df8b09d1e0e3d862183774b8999601d6efac2c639039e48f1a6_1280.jpg","publicUrl":"np://user.desktop.nicepage.com/Site_81718047/images/c841b244291e8037fdc61a5641427f011bcea8d156beb26e3f65c2cd894d88af988df8b09d1e0e3d862183774b8999601d6efac2c639039e48f1a6_1280.jpg","size":277245,"hash":"KaYvTf1zEYOvRrcERogtaKXc3sw=","fileName":"c841b244291e8037fdc61a5641427f011bcea8d156beb26e3f65c2cd894d88af988df8b09d1e0e3d862183774b8999601d6efac2c639039e48f1a6_1280.jpg","name":"c841b244291e8037fdc61a5641427f011bcea8d156beb26e3f65c2cd894d88af988df8b09d1e0e3d862183774b8999601d6efac2c639039e48f1a6_1280","width":1280,"height":958,"thumbnail":{"url":"np://user.desktop.nicepage.com/Site_81718047/images/thumbnails/c841b244291e8037fdc61a5641427f011bcea8d156beb26e3f65c2cd894d88af988df8b09d1e0e3d862183774b8999601d6efac2c639039e48f1a6_1280.jpg","width":250,"height":187},"folderId":null,"usages":["2771919347"]},{"id":"user-image-image-2.png","publicUrl":"np://user.desktop.nicepage.com/Site_81718047/images/image-2.png","size":135331,"hash":"RhuCkxt+Fd/rmODv6reOmfPYvI0=","fileName":"image-2.png","name":"image-2","width":940,"height":470,"thumbnail":{"url":"np://user.desktop.nicepage.com/Site_81718047/images/thumbnails/image-2.png","width":250,"height":125},"folderId":null,"usages":["2130521124"]},{"id":"user-image-image-1.png","publicUrl":"np://user.desktop.nicepage.com/Site_81718047/images/image-1.png","size":84657,"hash":"zPCjSEK1awXtJvnRZJ+SikTgdA8=","fileName":"image-1.png","name":"image-1","width":2500,"height":1000,"thumbnail":{"url":"np://user.desktop.nicepage.com/Site_81718047/images/thumbnails/image-1.png","width":250,"height":100},"folderId":null,"usages":["2130521124"]},{"id":"user-image-Capturadepantalla2024-04-16alas22.32.13.png","publicUrl":"np://user.desktop.nicepage.com/Site_81718047/images/Capturadepantalla2024-04-16alas22.32.13.png","size":317894,"hash":"YsBhC4Yyf/pIszV3ADXyd+C5t0I=","fileName":"Capturadepantalla2024-04-16alas22.32.13.png","name":"Capturadepantalla2024-04-16alas22.32.13","width":1092,"height":832,"thumbnail":{"url":"np://user.desktop.nicepage.com/Site_81718047/images/thumbnails/Capturadepantalla2024-04-16alas22.32.13.png","width":250,"height":190},"folderId":null,"usages":["2130521124"]},{"id":"user-image-Capturadepantalla2024-04-16alas22.31.21.png","publicUrl":"np://user.desktop.nicepage.com/Site_81718047/images/Capturadepantalla2024-04-16alas22.31.21.png","size":36245,"hash":"eMS5CKMtW4drh1hesuN8V9OzBiA=","fileName":"Capturadepantalla2024-04-16alas22.31.21.png","name":"Capturadepantalla2024-04-16alas22.31.21","width":954,"height":446,"thumbnail":{"url":"np://user.desktop.nicepage.com/Site_81718047/images/thumbnails/Capturadepantalla2024-04-16alas22.31.21.png","width":250,"height":117},"folderId":null,"usages":["2130521124","2771919347"]},{"id":"user-image-Screenshot2023-03-09at16.42.05.png","publicUrl":"np://user.desktop.nicepage.com/Site_81718047/images/Screenshot2023-03-09at16.42.05.png","size":17908,"hash":"sHKwpruZJEFHAEj2dXwgFaCobT0=","fileName":"Screenshot2023-03-09at16.42.05.png","name":"Screenshot2023-03-09at16.42.05","width":444,"height":220,"thumbnail":{"url":"np://user.desktop.nicepage.com/Site_81718047/images/thumbnails/Screenshot2023-03-09at16.42.05.png","width":250,"height":124},"folderId":null,"usages":["2130521124","809116035","2771919347"]},{"id":"user-image-image21.png","publicUrl":"np://user.desktop.nicepage.com/Site_81718047/images/image21.png","size":41472,"hash":"YgFldDeFgdR2nagPfD0oXHBF/24=","fileName":"image21.png","name":"image21","width":300,"height":93,"thumbnail":{"url":"np://user.desktop.nicepage.com/Site_81718047/images/thumbnails/image21.png","width":250,"height":78},"folderId":null,"usages":["2130521124","2771919347"]},{"id":"user-image-UCJC-SEK-Brand_Black.png","publicUrl":"np://user.desktop.nicepage.com/Site_81718047/images/UCJC-SEK-Brand_Black.png","size":7969,"hash":"sn3Yr/cWkDGBFFQntCqO2AC3Rmc=","fileName":"UCJC-SEK-Brand_Black.png","name":"UCJC-SEK-Brand_Black","width":426,"height":115,"thumbnail":{"url":"np://user.desktop.nicepage.com/Site_81718047/images/thumbnails/UCJC-SEK-Brand_Black.png","width":250,"height":67},"folderId":null,"usages":["809116035"]},{"id":"user-image-Sense_Garden_horizontal_logo_white0.5x.png","publicUrl":"np://user.desktop.nicepage.com/Site_81718047/images/Sense_Garden_horizontal_logo_white0.5x.png","size":4828,"hash":"/RExhCwCjh10J+48ybLUYdX929A=","fileName":"Sense_Garden_horizontal_logo_white0.5x.png","name":"Sense_Garden_horizontal_logo_white0.5x","width":343,"height":74,"thumbnail":{"url":"np://user.desktop.nicepage.com/Site_81718047/images/thumbnails/Sense_Garden_horizontal_logo_white0.5x.png","width":250,"height":54},"folderId":null,"usages":["809116035"]},{"id":"user-image-Screenshot2023-07-20at11.38.19.png","publicUrl":"np://user.desktop.nicepage.com/Site_81718047/images/Screenshot2023-07-20at11.38.19.png","size":4227882,"hash":"15GptGpM9lRJ1T7NwJs58XlxD1M=","fileName":"Screenshot2023-07-20at11.38.19.png","name":"Screenshot2023-07-20at11.38.19","width":2406,"height":1442,"thumbnail":{"url":"np://user.desktop.nicepage.com/Site_81718047/images/thumbnails/Screenshot2023-07-20at11.38.19.png","width":250,"height":150},"folderId":null,"usages":["809116035"]},{"id":"user-image-unnamed.png","publicUrl":"np://user.desktop.nicepage.com/Site_81718047/images/unnamed.png","size":483504,"hash":"H1JqBMapBDrGmfBuZtRhvQWaDa0=","fileName":"unnamed.png","name":"unnamed","width":680,"height":633,"thumbnail":{"url":"np://user.desktop.nicepage.com/Site_81718047/images/thumbnails/unnamed.png","width":250,"height":233},"folderId":null,"usages":["809116035"]},{"id":"user-image-Screenshot2023-06-19at09.43.11.png","publicUrl":"np://user.desktop.nicepage.com/Site_81718047/images/Screenshot2023-06-19at09.43.11.png","size":1580073,"hash":"FuKzL19lOQJoKBOCbnTM6OLa5tw=","fileName":"Screenshot2023-06-19at09.43.11.png","name":"Screenshot2023-06-19at09.43.11","width":1814,"height":1082,"thumbnail":{"url":"np://user.desktop.nicepage.com/Site_81718047/images/thumbnails/Screenshot2023-06-19at09.43.11.png","width":250,"height":149},"folderId":null,"usages":["809116035"]},{"id":"user-image-d83f8c5d5c0f3c6dbc0d2302d70098b6f4a9c3f821166350fbb27094858b2f83393f3b46bebca0057ede039585334c8685d350c608d31af6fb2dfd_1280.jpg","publicUrl":"np://user.desktop.nicepage.com/Site_81718047/images/d83f8c5d5c0f3c6dbc0d2302d70098b6f4a9c3f821166350fbb27094858b2f83393f3b46bebca0057ede039585334c8685d350c608d31af6fb2dfd_1280.jpg","size":739344,"hash":"lt+ZI4Jw2n31AtP1Hry8/Bo6/Lo=","fileName":"d83f8c5d5c0f3c6dbc0d2302d70098b6f4a9c3f821166350fbb27094858b2f83393f3b46bebca0057ede039585334c8685d350c608d31af6fb2dfd_1280.jpg","name":"d83f8c5d5c0f3c6dbc0d2302d70098b6f4a9c3f821166350fbb27094858b2f83393f3b46bebca0057ede039585334c8685d350c608d31af6fb2dfd_1280","width":1280,"height":852,"thumbnail":{"url":"np://user.desktop.nicepage.com/Site_81718047/images/thumbnails/d83f8c5d5c0f3c6dbc0d2302d70098b6f4a9c3f821166350fbb27094858b2f83393f3b46bebca0057ede039585334c8685d350c608d31af6fb2dfd_1280.jpg","width":250,"height":166},"folderId":null,"usages":["809116035"]},{"id":"user-image-7350737.png","publicUrl":"np://user.desktop.nicepage.com/Site_81718047/images/7350737.png","size":2019,"hash":"qFoq8zBG60JfclDabQlwh8nXkUw=","fileName":"7350737.png","name":"7350737","width":128,"height":128,"thumbnail":{"url":"np://user.desktop.nicepage.com/Site_81718047/images/thumbnails/7350737.png","width":128,"height":128,"length":2019,"type":"png"},"folderId":null,"usages":["809116035"]},{"id":"user-image-Screenshot2023-06-12at11.26.10.png","publicUrl":"np://user.desktop.nicepage.com/Site_81718047/images/Screenshot2023-06-12at11.26.10.png","size":1461217,"hash":"8HMxqxiAesPx3DFRpnwboAZJpho=","fileName":"Screenshot2023-06-12at11.26.10.png","name":"Screenshot2023-06-12at11.26.10","width":1152,"height":956,"thumbnail":{"url":"np://user.desktop.nicepage.com/Site_81718047/images/thumbnails/Screenshot2023-06-12at11.26.10.png","width":250,"height":207},"folderId":null,"usages":["809116035"]},{"id":"user-image-0cc1f41ee330f05446deaca2e1fd7ba33f0571db5e5d522ffd60fa8bac6851536fdb2cb51ce016724d1a46d618cd5d19bf91528cbe04e58559375a_1280.jpg","publicUrl":"np://user.desktop.nicepage.com/Site_81718047/images/0cc1f41ee330f05446deaca2e1fd7ba33f0571db5e5d522ffd60fa8bac6851536fdb2cb51ce016724d1a46d618cd5d19bf91528cbe04e58559375a_1280.jpg","size":119531,"hash":"z3ouLRJTnZmzjq97EVyOA3DJC0I=","fileName":"0cc1f41ee330f05446deaca2e1fd7ba33f0571db5e5d522ffd60fa8bac6851536fdb2cb51ce016724d1a46d618cd5d19bf91528cbe04e58559375a_1280.jpg","name":"0cc1f41ee330f05446deaca2e1fd7ba33f0571db5e5d522ffd60fa8bac6851536fdb2cb51ce016724d1a46d618cd5d19bf91528cbe04e58559375a_1280","width":1280,"height":960,"thumbnail":{"url":"np://user.desktop.nicepage.com/Site_81718047/images/thumbnails/0cc1f41ee330f05446deaca2e1fd7ba33f0571db5e5d522ffd60fa8bac6851536fdb2cb51ce016724d1a46d618cd5d19bf91528cbe04e58559375a_1280.jpg","width":250,"height":188},"folderId":null,"usages":["809116035"]},{"id":"user-image-SG-BE-Memory-Lane.jpeg","publicUrl":"np://user.desktop.nicepage.com/Site_81718047/images/SG-BE-Memory-Lane.jpeg","size":454892,"hash":"L2rpoi2pS2sx4tt1NTp6Yvf0Exc=","fileName":"SG-BE-Memory-Lane.jpeg","name":"SG-BE-Memory-Lane","width":768,"height":753,"thumbnail":{"url":"np://user.desktop.nicepage.com/Site_81718047/images/thumbnails/SG-BE-Memory-Lane.jpeg","width":250,"height":245},"folderId":null,"usages":["809116035"]},{"id":"user-image-pexels-photo-6667710.jpeg","publicUrl":"np://user.desktop.nicepage.com/Site_81718047/images/pexels-photo-6667710.jpeg","size":143618,"hash":"N9KEfRwSxcjNLY62Abym5Nq6oPs=","fileName":"pexels-photo-6667710.jpeg","name":"pexels-photo-6667710","width":2247,"height":1500,"thumbnail":{"url":"np://user.desktop.nicepage.com/Site_81718047/images/thumbnails/pexels-photo-6667710.jpeg","width":250,"height":167},"folderId":null,"usages":["809116035"]},{"id":"user-image-image2.png","publicUrl":"np://user.desktop.nicepage.com/Site_81718047/images/image2.png","size":11498,"hash":"nNGuViOIHuMl9lQ2rjZOMg5exUk=","fileName":"image2.png","name":"image2","width":240,"height":160,"thumbnail":{"url":"np://user.desktop.nicepage.com/Site_81718047/images/thumbnails/image2.png","width":240,"height":160,"length":11498,"type":"png"},"folderId":null,"usages":["809116035","2130521124","2771919347"]},{"id":"user-image-1384005.png","publicUrl":"np://user.desktop.nicepage.com/Site_81718047/images/1384005.png","size":2327,"hash":"pUn2SZpNLtB/qOVEPNcxfUTwitk=","fileName":"1384005.png","name":"1384005","width":128,"height":128,"thumbnail":{"url":"np://user.desktop.nicepage.com/Site_81718047/images/thumbnails/1384005.png","width":128,"height":128,"length":2327,"type":"png"},"folderId":null,"usages":["809116035","2130521124","2771919347"]},{"id":"user-image-3670274.png","publicUrl":"np://user.desktop.nicepage.com/Site_81718047/images/3670274.png","size":3745,"fileName":"3670274.png","name":"3670274","width":128,"height":128,"thumbnail":{"url":"np://user.desktop.nicepage.com/Site_81718047/images/thumbnails/3670274.png","width":128,"height":128,"length":3745},"usages":["809116035","2130521124","2771919347"]},{"id":"user-image-K18413.JPG","publicUrl":"np://user.desktop.nicepage.com/Site_81718047/images/K18413.JPG","size":32243,"fileName":"K18413.JPG","name":"K18413","width":1024,"height":1024,"thumbnail":{"url":"np://user.desktop.nicepage.com/Site_81718047/images/thumbnails/K18413.JPG","width":250,"height":250},"usages":["809116035"]},{"id":"user-image-85c5944369949dda31b3bbf317e9741abf0839faa824b7f2447dfd2b58df83bc59e4c4a81e256c473e6c68f5c64924cbb20f3a35cebbb28d7cfe3b_1280.png","publicUrl":"np://user.desktop.nicepage.com/Site_81718047/images/85c5944369949dda31b3bbf317e9741abf0839faa824b7f2447dfd2b58df83bc59e4c4a81e256c473e6c68f5c64924cbb20f3a35cebbb28d7cfe3b_1280.png","size":53418,"fileName":"85c5944369949dda31b3bbf317e9741abf0839faa824b7f2447dfd2b58df83bc59e4c4a81e256c473e6c68f5c64924cbb20f3a35cebbb28d7cfe3b_1280.png","name":"85c5944369949dda31b3bbf317e9741abf0839faa824b7f2447dfd2b58df83bc59e4c4a81e256c473e6c68f5c64924cbb20f3a35cebbb28d7cfe3b_1280","width":1280,"height":853,"thumbnail":{"url":"np://user.desktop.nicepage.com/Site_81718047/images/thumbnails/85c5944369949dda31b3bbf317e9741abf0839faa824b7f2447dfd2b58df83bc59e4c4a81e256c473e6c68f5c64924cbb20f3a35cebbb28d7cfe3b_1280.png","width":250,"height":167},"usages":["2771919347"]},{"id":"user-image-sense-garden.png","publicUrl":"np://user.desktop.nicepage.com/Site_81718047/images/sense-garden.png","size":45400,"fileName":"sense-garden.png","name":"sense-garden","width":250,"height":65,"thumbnail":{"url":"np://user.desktop.nicepage.com/Site_81718047/images/thumbnails/sense-garden.png","width":250,"height":65,"length":45400},"usages":["2130521124","2771919347"]},{"id":"user-image-ntnu_hoeyde_eng1.png","publicUrl":"np://user.desktop.nicepage.com/Site_81718047/images/ntnu_hoeyde_eng1.png","size":84768,"fileName":"ntnu_hoeyde_eng1.png","name":"ntnu_hoeyde_eng1","width":1772,"height":620,"thumbnail":{"url":"np://user.desktop.nicepage.com/Site_81718047/images/thumbnails/ntnu_hoeyde_eng1.png","width":250,"height":87},"usages":["809116035","2130521124"]},{"id":"user-image-SG-Odda-Tale-Hauso-NRK.jpeg","publicUrl":"np://user.desktop.nicepage.com/Site_81718047/images/SG-Odda-Tale-Hauso-NRK.jpeg","size":388501,"hash":"yct3BO7PfUTMmsUHAp7kZfBehKs=","fileName":"SG-Odda-Tale-Hauso-NRK.jpeg","name":"SG-Odda-Tale-Hauso-NRK","width":1000,"height":563,"thumbnail":{"url":"np://user.desktop.nicepage.com/Site_81718047/images/thumbnails/SG-Odda-Tale-Hauso-NRK.jpeg","width":250,"height":141},"folderId":null,"usages":["809116035"]},{"id":"user-image-SG-Exterior-Tale-Hauso-NRK.jpeg","publicUrl":"np://user.desktop.nicepage.com/Site_81718047/images/SG-Exterior-Tale-Hauso-NRK.jpeg","size":287386,"hash":"ZrTqw2pJqfi4Yy9cbX0p1n7VQdM=","fileName":"SG-Exterior-Tale-Hauso-NRK.jpeg","name":"SG-Exterior-Tale-Hauso-NRK","width":650,"height":366,"thumbnail":{"url":"np://user.desktop.nicepage.com/Site_81718047/images/thumbnails/SG-Exterior-Tale-Hauso-NRK.jpeg","width":250,"height":141},"folderId":null,"usages":["809116035"]},{"id":"user-image-Screenshot2023-06-06at11.48.36.png","publicUrl":"np://user.desktop.nicepage.com/Site_81718047/images/Screenshot2023-06-06at11.48.36.png","size":2482851,"hash":"jWPBf0jSa8J1j1a7z9hR+iPg8+I=","fileName":"Screenshot2023-06-06at11.48.36.png","name":"Screenshot2023-06-06at11.48.36","width":1006,"height":1282,"thumbnail":{"url":"np://user.desktop.nicepage.com/Site_81718047/images/thumbnails/Screenshot2023-06-06at11.48.36.png","width":196,"height":250},"folderId":null,"usages":["809116035"]},{"id":"user-image-d3ed25e1780db9de8743d3afe80aa9facd54c4748efeca3aeb7b0ca0b04d3f0d22b45c51784190dc2db01f606a8e92724364fe13f75a0a51346bf5_1280.jpg","publicUrl":"np://user.desktop.nicepage.com/Site_81718047/images/d3ed25e1780db9de8743d3afe80aa9facd54c4748efeca3aeb7b0ca0b04d3f0d22b45c51784190dc2db01f606a8e92724364fe13f75a0a51346bf5_1280.jpg","size":114985,"hash":"t/uv6jF0NtVjFlsuDaHEbOXV7T0=","fileName":"d3ed25e1780db9de8743d3afe80aa9facd54c4748efeca3aeb7b0ca0b04d3f0d22b45c51784190dc2db01f606a8e92724364fe13f75a0a51346bf5_1280.jpg","name":"d3ed25e1780db9de8743d3afe80aa9facd54c4748efeca3aeb7b0ca0b04d3f0d22b45c51784190dc2db01f606a8e92724364fe13f75a0a51346bf5_1280","width":1280,"height":854,"thumbnail":{"url":"np://user.desktop.nicepage.com/Site_81718047/images/thumbnails/d3ed25e1780db9de8743d3afe80aa9facd54c4748efeca3aeb7b0ca0b04d3f0d22b45c51784190dc2db01f606a8e92724364fe13f75a0a51346bf5_1280.jpg","width":250,"height":167},"folderId":null,"usages":["809116035"]}]