[{"id":681620504,"title":"Blog Template","order":1,"templateKey":"blog","customTemplate":false,"customTemplateFilename":null,"pageLinks":[],"dateCreated":"2023-06-06T08:56:19.474Z","dateUpdated":"2023-06-06T08:56:19.638Z","folderId":null,"pageName":"Blog Template","serverPageId":null,"status":2,"backwardUrl":null},{"id":157151861,"title":"Post Template","order":2,"templateKey":"post","customTemplate":false,"customTemplateFilename":null,"pageLinks":[],"dateCreated":"2023-06-06T08:56:19.474Z","dateUpdated":"2023-06-06T08:56:19.603Z","folderId":null,"pageName":"Post Template","serverPageId":null,"status":2,"backwardUrl":null},{"id":86400770,"title":"Product List Template","order":3,"templateKey":"products","customTemplate":false,"customTemplateFilename":null,"pageLinks":[],"dateCreated":"2023-06-06T08:56:19.474Z","dateUpdated":"2023-06-06T08:56:19.637Z","folderId":null,"pageName":"Product List Template","serverPageId":null,"status":2,"backwardUrl":null},{"id":43789118,"title":"Product Details Template","order":4,"templateKey":"product","customTemplate":false,"customTemplateFilename":null,"pageLinks":[],"dateCreated":"2023-06-06T08:56:19.474Z","dateUpdated":"2023-06-06T08:56:19.603Z","folderId":null,"pageName":"Product Details Template","serverPageId":null,"status":2,"backwardUrl":null},{"id":924209045,"title":"Shopping Cart Template","order":5,"templateKey":"cart","customTemplate":false,"customTemplateFilename":null,"pageLinks":[],"dateCreated":"2023-06-06T08:56:19.474Z","dateUpdated":"2023-06-06T08:56:19.638Z","folderId":null,"pageName":"Shopping Cart Template","serverPageId":null,"status":2,"backwardUrl":null},{"id":83866157,"title":"Checkout Template","order":6,"templateKey":"checkout","customTemplate":false,"customTemplateFilename":null,"pageLinks":[],"dateCreated":"2023-06-06T08:56:19.474Z","dateUpdated":"2023-06-06T08:56:19.639Z","folderId":null,"pageName":"Checkout Template","serverPageId":null,"status":2,"backwardUrl":null},{"id":262984198,"title":"Login Template","order":7,"templateKey":"login","customTemplate":false,"customTemplateFilename":null,"pageLinks":[],"dateCreated":"2023-06-06T08:56:19.474Z","dateUpdated":"2023-06-06T08:56:19.638Z","folderId":null,"pageName":"Login Template","serverPageId":null,"status":2,"backwardUrl":null},{"id":1190411568,"title":"Page Password Template","order":8,"templateKey":"password","customTemplate":false,"customTemplateFilename":null,"pageLinks":[],"dateCreated":"2023-06-06T08:56:19.474Z","dateUpdated":"2023-06-06T08:56:19.638Z","folderId":null,"pageName":"Page Password Template","serverPageId":null,"status":2,"backwardUrl":null},{"id":6333868,"title":"404 Not Found Template","order":9,"templateKey":"404","customTemplate":false,"customTemplateFilename":null,"pageLinks":[],"dateCreated":"2023-06-06T08:56:19.474Z","dateUpdated":"2023-06-06T08:56:19.640Z","folderId":null,"pageName":"404 Not Found Template","serverPageId":null,"status":2,"backwardUrl":null},{"id":235686721,"title":"Thank You Page Template","order":10,"templateKey":"ThankYou","customTemplate":false,"customTemplateFilename":null,"pageLinks":[],"dateCreated":"2023-09-14T10:49:49.603Z","dateUpdated":"2023-09-14T10:49:49.708Z","folderId":null,"pageName":"Thank You Page Template","serverPageId":null,"status":2,"backwardUrl":null},{"id":809116035,"title":"SENSE-GARDEN","order":50,"templateKey":null,"customTemplate":false,"customTemplateFilename":null,"pageLinks":["809116035","2130521124"],"dateCreated":"2023-07-20T10:53:38.320Z","dateUpdated":"2025-08-20T05:04:27.826Z","folderId":null,"pageName":"SENSE-GARDEN_809116035","serverPageId":null,"sectionCount":14,"status":2,"backwardUrl":null},{"id":133277803,"title":"Contact","order":101,"templateKey":null,"customTemplate":false,"customTemplateFilename":null,"pageLinks":[],"dateCreated":"2023-06-06T08:56:19.474Z","dateUpdated":"2023-06-06T08:56:19.640Z","folderId":null,"pageName":"Contact_133277803","serverPageId":null,"status":2,"backwardUrl":null},{"id":2130521124,"title":"Consciousness Research","order":103,"templateKey":null,"customTemplate":false,"customTemplateFilename":null,"pageLinks":["809116035","2771919347"],"dateCreated":"2023-08-23T15:42:20.861Z","dateUpdated":"2025-08-20T04:55:34.436Z","folderId":null,"pageName":"Consciousness Research_2130521124","serverPageId":null,"sectionCount":8,"status":2,"backwardUrl":null},{"id":2771919347,"title":"phenomenology-study","order":104,"templateKey":null,"customTemplate":false,"customTemplateFilename":null,"pageLinks":[],"dateCreated":"2023-09-29T08:45:51.301Z","dateUpdated":"2024-07-19T14:07:59.008Z","folderId":null,"pageName":"phenomenology-study_2771919347","serverPageId":null,"sectionCount":7,"status":2,"backwardUrl":null}]